{
  "products": [
    {
      "id": 1,
      "title": "Living Room Floral Painting",
      "category": "Oil Paint Art",
      "price": 50.3,
      "quantity": 1,
      "description": "Neque ornare aenean euismod elementum nisi quis. interdum nulla aliquet in. Vestibulum auctor ac nibh nec pretium.",
      "main_photo": "https://i.postimg.cc/zDy1T2Wg/New-Shop-1-11.jpg",
      "img_1": "https://i.postimg.cc/8PL9b2Cj/New-Shop-2-11.jpg",
      "img_2": "https://i.postimg.cc/fRKPGYms/New-Shop-3-11.jpg"
    },
    {
      "id": 2,
      "title": "Artist Painting Table",
      "category": "Glass Painting",
      "price": 20.3,
      "quantity": 1,
      "description": "Fusce laoreet nunc vitae tellus sodales rutrum quis et lacus.Sed ac leo tincidunt, gravida augue id, blandit massa.",
      "main_photo": "https://i.postimg.cc/XYG88FLx/New-Shop-2-14.jpg",
      "img_1": "https://i.postimg.cc/9MptMBXX/New-Shop-3-14.jpg",
      "img_2": "https://i.postimg.cc/bv01CRt0/New-Shop-1-14.jpg"
    },
    {
      "id": 3,
      "title": "Army Man Portrait",
      "category": "Abstraction",
      "price": 38.4,
      "quantity": 1,
      "description": "Fusce laoreet nunc vitae tellus sodales rutrum quis et lacus. Sed ac leo tincidunt, gravida augue id, blandit massa",
      "main_photo": "https://i.postimg.cc/qRzyJHFw/New-Shop-1-17.jpg",
      "img_1": "https://i.postimg.cc/nzg7MwbJ/New-Shop-2-17.jpg",
      "img_2": "https://i.postimg.cc/nVm902fX/New-Shop-3-17.jpg"
    },
    {
      "id": 4,
      "title": "3D Multicolor Painting",
      "category": "Abstraction",
      "price": 18.8,
      "quantity": 1,
      "description": "Fusce laoreet nunc vitae tellus sodales rutrum quis et lacus. Sed ac leo tincidunt, gravida augue id, blandit massa",
      "main_photo": "https://i.postimg.cc/Pr4xRF35/New-Shop-1-9.jpg",
      "img_1": "https://i.postimg.cc/zDwXyc1F/New-Shop-2-9.jpg",
      "img_2": "https://i.postimg.cc/xTTYcj59/New-Shop-3-9.jpg"
    },
    {
      "id": 5,
      "title": "Coastal City Art",
      "category": "Oil Paint Art",
      "price": 11.1,
      "quantity": 1,
      "description": "Neque ornare aenean euismod elementum nisi quis. interdum nulla aliquet in. Vestibulum auctor ac nibh nec pretium.",
      "main_photo": "https://i.postimg.cc/nctpZYj9/New-Shop-1-4-1.jpg",
      "img_1": "https://i.postimg.cc/0yVspTt7/New-Shop-2-4-1.jpg",
      "img_2": "https://i.postimg.cc/prQNy4hh/New-Shop-3-4-1.jpg"
    },
    {
      "id": 6,
      "title": "Gift card Product",
      "category": "Glass Painting",
      "price": 30.12,
      "quantity": 1,
      "description": "Neque ornare aenean euismod elementum nisi quis. interdum nulla aliquet in. Vestibulum auctor ac nibh nec pretium.",
      "main_photo": "https://i.postimg.cc/sxg8Dxr8/New-Shop-3-12.jpg",
      "img_1": "https://i.postimg.cc/66MgbrVN/New-Shop-2-12.jpg",
      "img_2": "https://i.postimg.cc/65TSk8z4/New-Shop-1-12.jpg"
    },
    {
      "id": 7,
      "title": "Cute Bunny Oil Painting",
      "category": "Oil Paint Art",
      "price": 40,
      "quantity": 1,
      "description": "Neque ornare aenean euismod elementum nisi quis. interdum nulla aliquet in. Vestibulum auctor ac nibh nec pretium.",
      "main_photo": "https://i.postimg.cc/50R5L2zD/New-Shop-3-7.jpg",
      "img_1": "https://i.postimg.cc/kGRQcPFG/New-Shop-2-7.jpg",
      "img_2": "https://i.postimg.cc/SN85SBFm/New-Shop-1-7.jpg"
    },
    {
      "id": 8,
      "title": "Cute Birds Art Work",
      "category": "Painterly",
      "price": 21.2,
      "quantity": 1,
      "description": "Neque ornare aenean euismod elementum nisi quis. interdum nulla aliquet in. Vestibulum auctor ac nibh nec pretium.",
      "main_photo": "https://i.postimg.cc/kXx13WK4/New-Shop-3-10.jpg",
      "img_1": "https://i.postimg.cc/9QbLzVxH/New-Shop-1-10.jpg",
      "img_2": "https://i.postimg.cc/Qt9m67jj/New-Shop-2-10.jpg"
    },
    {
      "id": 9,
      "title": "Man With A Dog Portrait",
      "category": "Glass Painting",
      "price": 22.2,
      "quantity": 1,
      "description": "Neque ornare aenean euismod elementum nisi quis. interdum nulla aliquet in. Vestibulum auctor ac nibh nec pretium.",
      "main_photo": "https://i.postimg.cc/mk3QqNJW/New-Shop-1-24.jpg",
      "img_1": "https://i.postimg.cc/3r2CdYRf/New-Shop-3-24.jpg",
      "img_2": "https://i.postimg.cc/0yypWSCh/New-Shop-2-24.jpg"
    },
    {
      "id": 10,
      "title": "King And Queen Art Work",
      "category": "Glass Painting",
      "price": 88,
      "quantity": 1,
      "description": "Neque ornare aenean euismod elementum nisi quis. interdum nulla aliquet in. Vestibulum auctor ac nibh nec pretium.",
      "main_photo": "https://i.postimg.cc/wvLfqNZ0/New-Shop-1-20.jpg",
      "img_1": "https://i.postimg.cc/L5VxfpHP/New-Shop-2-20.jpg",
      "img_2": "https://i.postimg.cc/FHzTf8wf/New-Shop-3-20.jpg"
    },
    {
      "id": 11,
      "title": "Italian Men Portrait",
      "category": "Photorealism",
      "price": 92,
      "quantity": 1,
      "description": "Neque ornare aenean euismod elementum nisi quis. interdum nulla aliquet in. Vestibulum auctor ac nibh nec pretium.",
      "main_photo": "https://i.postimg.cc/43tbVgP3/New-Shop-1-22.jpg",
      "img_1": "https://i.postimg.cc/ZKMrQRDR/New-Shop-2-22.jpg",
      "img_2": "https://i.postimg.cc/52QwWVZm/New-Shop-3-22.jpg"
    },
    {
      "id": 12,
      "title": "Modern Water Color Art",
      "category": "Abstraction",
      "price": 24.32,
      "quantity": 1,
      "description": "Neque ornare aenean euismod elementum nisi quis. interdum nulla aliquet in. Vestibulum auctor ac nibh nec pretium.",
      "main_photo": "https://i.postimg.cc/LsRhQFR5/New-Shop-1-6.jpg",
      "img_1": "https://i.postimg.cc/0NfjLX2f/New-Shop-3-6.jpg",
      "img_2": "https://i.postimg.cc/LsRhQFR5/New-Shop-1-6.jpg"
    },
    {
      "id": 13,
      "title": "Minimal Creative Art",
      "category": "Painterly",
      "price": 27.82,
      "quantity": 1,
      "description": "Neque ornare aenean euismod elementum nisi quis. interdum nulla aliquet in. Vestibulum auctor ac nibh nec pretium.",
      "main_photo": "https://i.postimg.cc/4dYKVbsQ/New-Shop-1-3.jpg",
      "img_1": "https://i.postimg.cc/9FCmjtKg/New-Shop-2-3.jpg",
      "img_2": "https://i.postimg.cc/RZb4KrF2/New-Shop-3-3.jpg"
    },
    {
      "id": 14,
      "title": "Native Africa Art",
      "category": "Photorealism",
      "price": 58.27,
      "quantity": 1,
      "description": "Neque ornare aenean euismod elementum nisi quis. interdum nulla aliquet in. Vestibulum auctor ac nibh nec pretium.",
      "main_photo": "https://i.postimg.cc/m2msWxQh/New-Shop-1-8.jpg",
      "img_1": "https://i.postimg.cc/3xWHKLB1/New-Shop-2-8.jpg",
      "img_2": "https://i.postimg.cc/VkTP5jZ8/New-Shop-3-8.jpg"
    },
    {
      "id": 15,
      "title": "Roman Man Portrait",
      "category": "Painterly",
      "price": 58.27,
      "quantity": 1,
      "description": "Neque ornare aenean euismod elementum nisi quis. interdum nulla aliquet in. Vestibulum auctor ac nibh nec pretium.",
      "main_photo": "https://i.postimg.cc/nVT5C4MP/New-Shop-1-23.jpg",
      "img_1": "https://i.postimg.cc/vZxSqChJ/New-Shop-2-23.jpg",
      "img_2": "https://i.postimg.cc/zB8tfvNN/New-Shop-3-23.jpg"
    }
  ]
}
